name,ranked,genre,theme,status,episodes,duration,start_date,end_date,favorites
"""Oshi no Ko""",Ranked #1,"DramaDrama,","ReincarnationReincarnation,",Currently,11,Unknown,"['Apr12', '2023']",['?'],7.523
Fullmetal Alchemist: Brotherhood,Ranked #2,"ActionAction,",,Finished,64,24,"['Apr5', '2009']","['Jul4', '2010']",215.444
Shingeki no Kyojin: The Final Season - Kanketsu-hen,Ranked #3,"ActionAction,","GoreGore,",Currently,2,1,"['Mar4', '2023']",['2023'],7.949
Steins;Gate,Ranked #4,"DramaDrama,","PsychologicalPsychological,",Finished,24,24,"['Apr6', '2011']","['Sep14', '2011']",181.179
Bleach: Sennen Kessen-hen,Ranked #5,"ActionAction,",,Finished,13,24,"['Oct11', '2022']","['Dec27', '2022']",16.916
Gintama°,Ranked #6,"ActionAction,",Gag,Finished,51,24,"['Apr8', '2015']","['Mar30', '2016']",15.714
Kaguya-sama wa Kokurasetai: Ultra Romantic,Ranked #7,"ComedyComedy,",,Finished,13,23,"['Apr9', '2022']","['Jun25', '2022']",28.201
Shingeki no Kyojin Season 3 Part 2,Ranked #8,"ActionAction,","GoreGore,",Finished,10,23,"['Apr29', '2019']","['Jul1', '2019']",54.695
Gintama: The Final,Ranked #9,"ActionAction,",Gag,Finished,1,1,"['Jan8', '2021']",[''],4.006
Gintama',Ranked #10,"ActionAction,",Gag,Finished,51,24,"['Apr4', '2011']","['Mar26', '2012']",7.659
Hunter x Hunter (2011),Ranked #11,"ActionAction,",,Finished,148,23,"['Oct2', '2011']","['Sep24', '2014']",197.912
Gintama': Enchousen,Ranked #12,"ActionAction,",Gag,Finished,13,24,"['Oct4', '2012']","['Mar28', '2013']",2.943
Ginga Eiyuu Densetsu,Ranked #13,"DramaDrama,",Adult,Finished,110,26,"['Jan8', '1988']","['Mar17', '1997']",15.499
Fruits Basket: The Final,Ranked #14,"DramaDrama,",,Finished,13,23,"['Apr6', '2021']","['Jun29', '2021']",18.582
Gintama.,Ranked #15,"ActionAction,",Gag,Finished,12,24,"['Jan9', '2017']","['Mar27', '2017']",2.626
3-gatsu no Lion 2nd Season,Ranked #16,,"ChildcareChildcare,",Finished,22,25,"['Oct14', '2017']","['Mar31', '2018']",14.766
Gintama,Ranked #17,"ActionAction,",Gag,Finished,201,24,"['Apr4', '2006']","['Mar25', '2010']",57.298
Kaguya-sama wa Kokurasetai: First Kiss wa Owaranai,Ranked #20,"ComedyComedy,",,Finished,1,1,"['Dec17', '2022']",[''],1.040
Koe no Katachi,Ranked #18,Award,,Finished,1,2,"['Sep17', '2016']",[''],82.353
Clannad: After Story,Ranked #19,"DramaDrama,",,Finished,24,24,"['Oct3', '2008']","['Mar27', '2009']",68.605
Gintama Movie 2: Kanketsu-hen - Yorozuya yo Eien Nare,Ranked #21,"ActionAction,",Gag,Finished,1,1,"['Jul6', '2013']",[''],2.081
Code Geass: Hangyaku no Lelouch R2,Ranked #22,"ActionAction,","MechaMecha,",Finished,25,24,"['Apr6', '2008']","['Sep28', '2008']",74.061
Violet Evergarden Movie,Ranked #23,Award,,Finished,1,2,"['Sep18', '2020']",[''],7.990
Owarimonogatari 2nd Season,Ranked #24,"ComedyComedy,",,Finished,7,22,"['Aug12', '2017']","['Aug13', '2017']",8.398
Bocchi the Rock!,Ranked #25,,"CGDCTCGDCT,",Finished,12,23,"['Oct9', '2022']","['Dec25', '2022']",18.829
Gintama.: Shirogane no Tamashii-hen - Kouhan-sen,Ranked #26,"ActionAction,",Gag,Finished,14,24,"['Jul9', '2018']","['Oct8', '2018']",1.017
Monster,Ranked #27,"DramaDrama,",Adult,Finished,74,24,"['Apr7', '2004']","['Sep28', '2005']",45.798
Kimi no Na wa.,Ranked #28,Award,,Finished,1,1,"['Aug26', '2016']",[''],86.337
Gintama.: Shirogane no Tamashii-hen,Ranked #29,"ActionAction,",Gag,Finished,12,24,"['Jan8', '2018']","['Mar26', '2018']",1.128
Kimetsu no Yaiba: Yuukaku-hen,Ranked #30,"ActionAction,",,Finished,11,26,"['Dec5', '2021']","['Feb13', '2022']",23.019
Kingdom 3rd Season,Ranked #31,,"HistoricalHistorical,",Finished,26,25,"['Apr6', '2020']","['Oct17', '2021']",1.775
Mob Psycho 100 II,Ranked #32,"ActionAction,",,Finished,13,24,"['Jan7', '2019']","['Apr1', '2019']",31.472
Shingeki no Kyojin: The Final Season,Ranked #33,"ActionAction,","GoreGore,",Finished,16,23,"['Dec7', '2020']","['Mar29', '2021']",51.196
Kizumonogatari III: Reiketsu-hen,Ranked #34,"ActionAction,",,Finished,1,1,"['Jan6', '2017']",[''],7.164
Sen to Chihiro no Kamikakushi,Ranked #35,"AdventureAdventure,",,Finished,1,2,"['Jul20', '2001']",[''],30.753
Haikyuu!! Karasuno Koukou vs. Shiratorizawa Gakuen Koukou,Ranked #36,,"SchoolSchool,",Finished,10,24,"['Oct8', '2016']","['Dec10', '2016']",15.107
Monogatari Series: Second Season,Ranked #37,"ComedyComedy,",,Finished,26,25,"['Jul7', '2013']","['Dec29', '2013']",22.947
Shingeki no Kyojin: The Final Season Part 2,Ranked #38,"ActionAction,","GoreGore,",Finished,12,23,"['Jan10', '2022']","['Apr4', '2022']",28.807
Hajime no Ippo,Ranked #39,,,Finished,75,23,"['Oct4', '2000']","['Mar27', '2002']",19.696
Cowboy Bebop,Ranked #40,"ActionAction,",Adult,Finished,26,24,"['Apr3', '1998']","['Apr24', '1999']",77.573
Kingdom 4th Season,Ranked #41,,"HistoricalHistorical,",Finished,26,24,"['Apr10', '2022']","['Oct2', '2022']",919
Shiguang Dailiren,Ranked #42,"DramaDrama,",Adult,Finished,11,23,"['Apr30', '2021']","['Jul9', '2021']",9.068
Mob Psycho 100 III,Ranked #43,"ActionAction,",,Finished,12,23,"['Oct6', '2022']","['Dec22', '2022']",8.387
Mushishi Zoku Shou 2nd Season,Ranked #44,"AdventureAdventure,",Adult,Finished,10,23,"['Oct19', '2014']","['Dec21', '2014']",1.385
Shouwa Genroku Rakugo Shinjuu: Sukeroku Futatabi-hen,Ranked #45,,Adult,Finished,12,24,"['Jan7', '2017']","['Mar25', '2017']",3.066
Vinland Saga,Ranked #46,"ActionAction,","GoreGore,",Finished,24,24,"['Jul8', '2019']","['Dec30', '2019']",40.577
Kimetsu no Yaiba: Katanakaji no Sato-hen,Ranked #47,"ActionAction,",,Currently,,Unknown,"['Apr9', '2023']",['?'],4.354
86 Part 2,Ranked #48,"ActionAction,","MechaMecha,",Finished,12,23,"['Oct3', '2021']","['Mar19', '2022']",12.479
Ashita no Joe 2,Ranked #49,"DramaDrama,",,Finished,47,24,"['Oct13', '1980']","['Aug31', '1981']",2.385
Rurouni Kenshin: Meiji Kenkaku Romantan - Tsuioku-hen,Ranked #50,"ActionAction,",Adult,Finished,4,29,"['Feb20', '1999']","['Sep22', '1999']",6.105
Mushishi Zoku Shou,Ranked #51,"AdventureAdventure,",Adult,Finished,10,24,"['Apr5', '2014']","['Jun21', '2014']",1.505
Mushoku Tensei: Isekai Ittara Honki Dasu Part 2,Ranked #52,"DramaDrama,","IsekaiIsekai,",Finished,12,23,"['Oct4', '2021']","['Dec20', '2021']",16.782
Code Geass: Hangyaku no Lelouch,Ranked #53,"ActionAction,","MechaMecha,",Finished,25,24,"['Oct6', '2006']","['Jul29', '2007']",104.464
Great Teacher Onizuka,Ranked #54,,"DelinquentsDelinquents,",Finished,43,25,"['Jun30', '1999']","['Sep17', '2000']",25.016
Odd Taxi,Ranked #55,Award,,Finished,13,23,"['Apr6', '2021']","['Jun29', '2021']",7.491
One Piece,Ranked #56,"ActionAction,",,Currently,,24,"['Oct20', '1999']",['?'],194.472
Vinland Saga Season 2,Ranked #57,"ActionAction,","GoreGore,",Currently,24,25,"['Jan10', '2023']",['?'],4.560
Fate/stay night Movie: Heaven's Feel - III. Spring Song,Ranked #58,"ActionAction,",,Finished,1,2,"['Aug15', '2020']",[''],7.585
Violet Evergarden,Ranked #59,"DramaDrama,",,Finished,13,24,"['Jan11', '2018']","['Apr5', '2018']",56.926
Made in Abyss: Retsujitsu no Ougonkyou,Ranked #60,"AdventureAdventure,","GoreGore,",Finished,12,25,"['Jul6', '2022']","['Sep28', '2022']",4.935
Mononoke Hime,Ranked #61,"ActionAction,",,Finished,1,2,"['Jul12', '1997']",[''],20.406
Made in Abyss,Ranked #62,"AdventureAdventure,","GoreGore,",Finished,13,25,"['Jul7', '2017']","['Sep29', '2017']",41.349
Mushishi,Ranked #63,"AdventureAdventure,",Adult,Finished,26,23,"['Oct23', '2005']","['Jun19', '2006']",25.769
Hajime no Ippo: New Challenger,Ranked #64,,,Finished,26,23,"['Jan7', '2009']","['Jul1', '2009']",1.676
Howl no Ugoku Shiro,Ranked #65,"AdventureAdventure,",,Finished,1,1,"['Nov20', '2004']",[''],26.363
JoJo no Kimyou na Bouken Part 6: Stone Ocean Part 3,Ranked #66,"ActionAction,",,Finished,14,24,"['Dec1', '2022']",[''],2.273
Jujutsu Kaisen,Ranked #67,"ActionAction,",,Finished,24,23,"['Oct3', '2020']","['Mar27', '2021']",79.927
Natsume Yuujinchou Shi,Ranked #68,"DramaDrama,","IyashikeiIyashikei,",Finished,13,24,"['Jan3', '2012']","['Mar27', '2012']",1.938
Shigatsu wa Kimi no Uso,Ranked #69,"DramaDrama,","MusicMusic,",Finished,22,22,"['Oct10', '2014']","['Mar20', '2015']",82.806
Spy x Family,Ranked #70,"ActionAction,",,Finished,12,24,"['Apr9', '2022']","['Jun25', '2022']",37.299
Kaguya-sama wa Kokurasetai? Tensai-tachi no Renai Zunousen,Ranked #71,,"PsychologicalPsychological,",Finished,12,24,"['Apr11', '2020']","['Jun27', '2020']",18.559
Haikyuu!! Second Season,Ranked #72,,"SchoolSchool,",Finished,25,24,"['Oct4', '2015']","['Mar27', '2016']",15.455
Made in Abyss Movie 3: Fukaki Tamashii no Reimei,Ranked #73,"AdventureAdventure,","GoreGore,",Finished,1,1,"['Jan17', '2020']",[''],3.279
Tengen Toppa Gurren Lagann,Ranked #74,"ActionAction,",,Finished,27,24,"['Apr1', '2007']","['Sep30', '2007']",75.333
Natsume Yuujinchou Roku,Ranked #75,"DramaDrama,","IyashikeiIyashikei,",Finished,11,23,"['Apr12', '2017']","['Jun21', '2017']",1.038
Ping Pong the Animation,Ranked #76,Award,,Finished,11,23,"['Apr11', '2014']","['Jun20', '2014']",15.028
Shingeki no Kyojin Season 3,Ranked #77,"ActionAction,","GoreGore,",Finished,12,23,"['Jul23', '2018']","['Oct15', '2018']",19.605
Death Note,Ranked #78,"SupernaturalSupernatural,","DetectiveDetective,",Finished,37,23,"['Oct4', '2006']","['Jun27', '2007']",165.985
Kimetsu no Yaiba Movie: Mugen Ressha-hen,Ranked #79,"ActionAction,",,Finished,1,1,"['Oct16', '2020']",[''],12.564
Chainsaw Man,Ranked #80,"ActionAction,",,Finished,12,24,"['Oct12', '2022']","['Dec28', '2022']",39.754
Cyberpunk: Edgerunners,Ranked #81,"ActionAction,","GoreGore,",Finished,10,25,"['Sep13', '2022']",[''],17.879
Evangelion: 3.0+1.0 Thrice Upon a Time,Ranked #82,"ActionAction,","MechaMecha,",Finished,1,2,"['Mar8', '2021']",[''],6.756
Mo Dao Zu Shi: Wanjie Pian,Ranked #83,"ActionAction,","HistoricalHistorical,",Finished,12,24,"['Aug7', '2021']","['Oct16', '2021']",1.481
Suzumiya Haruhi no Shoushitsu,Ranked #84,Award,,Finished,1,2,"['Feb6', '2010']",[''],13.116
Mushishi Zoku Shou: Suzu no Shizuku,Ranked #85,"AdventureAdventure,",Adult,Finished,1,47,"['May16', '2015']",[''],209
Seishun Buta Yarou wa Yumemiru Shoujo no Yume wo Minai,Ranked #86,"DramaDrama,",,Finished,1,1,"['Jun15', '2019']",[''],9.829
Hajime no Ippo: Rising,Ranked #87,,,Finished,25,22,"['Oct6', '2013']","['Mar30', '2014']",1.167
JoJo no Kimyou na Bouken Part 5: Ougon no Kaze,Ranked #88,"ActionAction,",,Finished,39,23,"['Oct6', '2018']","['Jul28', '2019']",30.024
Kizumonogatari II: Nekketsu-hen,Ranked #89,"ActionAction,",,Finished,1,1,"['Aug19', '2016']",[''],2.239
Natsume Yuujinchou San,Ranked #90,"DramaDrama,","IyashikeiIyashikei,",Finished,13,24,"['Jul5', '2011']","['Sep27', '2011']",1.351
Ookami Kodomo no Ame to Yuki,Ranked #91,Award,,Finished,1,1,"['Jul21', '2012']",[''],11.045
Natsume Yuujinchou Go,Ranked #92,"DramaDrama,","IyashikeiIyashikei,",Finished,11,23,"['Oct5', '2016']","['Dec21', '2016']",800
Shouwa Genroku Rakugo Shinjuu,Ranked #93,,"HistoricalHistorical,",Finished,13,26,"['Jan9', '2016']","['Apr2', '2016']",5.688
Tengen Toppa Gurren Lagann Movie 2: Lagann-hen,Ranked #94,"ActionAction,","MechaMecha,",Finished,1,2,"['Apr22', '2009']",[''],933
Yojouhan Shinwa Taikei,Ranked #95,Award,"PsychologicalPsychological,",Finished,11,22,"['Apr23', '2010']","['Jul2', '2010']",17.545
Fruits Basket 2nd Season,Ranked #96,"DramaDrama,",,Finished,25,23,"['Apr7', '2020']","['Sep22', '2020']",5.642
Kenpuu Denki Berserk,Ranked #97,"ActionAction,","GoreGore,",Finished,25,25,"['Oct8', '1997']","['Apr1', '1998']",24.928
Kimi no Suizou wo Tabetai,Ranked #98,"DramaDrama,",,Finished,1,1,"['Sep1', '2018']",[''],19.205
Ousama Ranking,Ranked #99,"AdventureAdventure,",,Finished,23,22,"['Oct15', '2021']","['Mar25', '2022']",11.769
Neon Genesis Evangelion: The End of Evangelion,Ranked #100,Avant,"MechaMecha,",Finished,1,1,"['Jul19', '1997']",[''],26.882
Zoku Natsume Yuujinchou,Ranked #101,"DramaDrama,","IyashikeiIyashikei,",Finished,13,24,"['Jan6', '2009']","['Mar31', '2009']",1.405
Fate/Zero 2nd Season,Ranked #102,"ActionAction,",,Finished,12,24,"['Apr8', '2012']","['Jun24', '2012']",19.981
Karakai Jouzu no Takagi-san Movie,Ranked #103,,"IyashikeiIyashikei,",Finished,1,1,"['Jun10', '2022']",[''],598
Haikyuu!! To the Top Part 2,Ranked #104,,"SchoolSchool,",Finished,12,23,"['Oct3', '2020']","['Dec19', '2020']",5.872
Mushishi: Hihamukage,Ranked #105,"AdventureAdventure,","HistoricalHistorical,",Finished,1,45,"['Jan4', '2014']",[''],181
Nana,Ranked #106,"DramaDrama,",Adult,Finished,47,23,"['Apr5', '2006']","['Mar28', '2007']",26.740
Perfect Blue,Ranked #107,Avant,Adult,Finished,1,1,"['Feb28', '1998']",[''],17.372
Slam Dunk,Ranked #108,,"SchoolSchool,",Finished,101,23,"['Oct16', '1993']","['Mar23', '1996']",6.786
Suzume no Tojimari,Ranked #124,,,Finished,1,2,"['Nov11', '2022']",[''],1.943
Shingeki no Kyojin,Ranked #109,"ActionAction,","GoreGore,",Finished,25,24,"['Apr7', '2013']","['Sep29', '2013']",162.106
Shoujo☆Kageki Revue Starlight Movie,Ranked #110,,"MusicMusic,",Finished,1,2,"['Jun4', '2021']",[''],626
Sora yori mo Tooi Basho,Ranked #111,"AdventureAdventure,",,Finished,13,23,"['Jan2', '2018']","['Mar27', '2018']",13.420
Steins;Gate 0,Ranked #112,"DramaDrama,",,Finished,23,23,"['Apr12', '2018']","['Sep27', '2018']",11.254
Bakuman. 3rd Season,Ranked #113,"ComedyComedy,",,Finished,25,24,"['Oct6', '2012']","['Mar30', '2013']",2.928
Kara no Kyoukai Movie 5: Mujun Rasen,Ranked #114,"ActionAction,",,Finished,1,1,"['Aug16', '2008']",[''],4.481
Yuru Camp△ Season 2,Ranked #115,,"CGDCTCGDCT,",Finished,13,23,"['Jan7', '2021']","['Apr1', '2021']",2.865
Yakusoku no Neverland,Ranked #116,"MysteryMystery,","PsychologicalPsychological,",Finished,12,22,"['Jan10', '2019']","['Mar29', '2019']",32.051
Koukaku Kidoutai: Stand Alone Complex 2nd GIG,Ranked #117,"ActionAction,",Adult,Finished,26,25,"['Jan1', '2004']","['Jan8', '2005']",3.085
Summertime Render,Ranked #118,"MysteryMystery,",,Finished,25,23,"['Apr15', '2022']","['Sep30', '2022']",6.727
Gintama Movie 1: Shinyaku Benizakura-hen,Ranked #119,"ActionAction,","HistoricalHistorical,",Finished,1,1,"['Apr24', '2010']",[''],596
Gintama.: Porori-hen,Ranked #120,"ActionAction,",Gag,Finished,13,23,"['Oct2', '2017']","['Dec25', '2017']",871
Hotaru no Haka,Ranked #121,,,Finished,1,1,"['Apr16', '1988']",[''],7.480
Kimetsu no Yaiba,Ranked #122,"ActionAction,",,Finished,26,23,"['Apr6', '2019']","['Sep28', '2019']",86.953
Road of Naruto,Ranked #126,"ActionAction,",,Finished,1,9,"['Oct3', '2022']",[''],100
Samurai Champloo,Ranked #123,"ActionAction,","HistoricalHistorical,",Finished,26,24,"['May20', '2004']","['Mar19', '2005']",35.784
One Punch Man,Ranked #125,"ActionAction,",Adult,Finished,12,24,"['Oct5', '2015']","['Dec21', '2015']",61.807
Shingeki no Kyojin Season 2,Ranked #127,"ActionAction,","GoreGore,",Finished,12,24,"['Apr1', '2017']","['Jun17', '2017']",20.708
Uchuu Kyoudai,Ranked #128,"ComedyComedy,",Adult,Finished,99,24,"['Apr1', '2012']","['Mar22', '2014']",3.775
Fate/stay night Movie: Heaven's Feel - II. Lost Butterfly,Ranked #129,"ActionAction,",,Finished,1,1,"['Jan12', '2019']",[''],3.349
JoJo no Kimyou na Bouken Part 4: Diamond wa Kudakenai,Ranked #130,"ActionAction,",,Finished,39,23,"['Apr2', '2016']","['Dec24', '2016']",37.604
Ansatsu Kyoushitsu 2nd Season,Ranked #131,"ActionAction,",,Finished,25,23,"['Jan8', '2016']","['Jul1', '2016']",17.178
Aria the Origination,Ranked #132,"FantasyFantasy,",,Finished,13,24,"['Jan8', '2008']","['Apr1', '2008']",4.016
Banana Fish,Ranked #133,"ActionAction,","DelinquentsDelinquents,",Finished,24,22,"['Jul6', '2018']","['Dec21', '2018']",28.638
Mob Psycho 100,Ranked #134,"ActionAction,",,Finished,12,24,"['Jul11', '2016']","['Sep27', '2016']",44.812
Rainbow: Nisha Rokubou no Shichinin,Ranked #135,"DramaDrama,","DelinquentsDelinquents,",Finished,26,22,"['Apr7', '2010']","['Sep29', '2010']",8.204
The First Slam Dunk,Ranked #139,,"SchoolSchool,",Finished,1,2,"['Dec3', '2022']",[''],125
Bungou Stray Dogs 4th Season,Ranked #140,"ActionAction,",Adult,Finished,13,23,"['Jan4', '2023']","['Mar29', '2023']",2.460
Jujutsu Kaisen 0 Movie,Ranked #136,"ActionAction,",,Finished,1,1,"['Dec24', '2021']",[''],8.489
Yuru Camp△ Movie,Ranked #137,,Adult,Finished,1,2,"['Jul1', '2022']",[''],320
Mahou Shoujo Madoka★Magica Movie 3: Hangyaku no Monogatari,Ranked #138,Award,Mahou,Finished,1,1,"['Oct26', '2013']",[''],8.267
Chihayafuru 3,Ranked #141,"DramaDrama,",Love,Finished,24,22,"['Oct23', '2019']","['Mar25', '2020']",1.431
Gintama: The Semi-Final,Ranked #142,"ActionAction,",Gag,Finished,2,24,"['Jan15', '2021']","['Jan20', '2021']",232
Fruits Basket: Prelude,Ranked #143,"DramaDrama,",,Finished,1,1,"['Feb18', '2022']",[''],733
Yuu☆Yuu☆Hakusho,Ranked #144,"ActionAction,",Martial,Finished,112,24,"['Oct10', '1992']","['Jan7', '1995']",21.440
Nichijou,Ranked #145,,Gag,Finished,26,23,"['Apr3', '2011']","['Sep25', '2011']",22.362
Kono Subarashii Sekai ni Shukufuku wo! Movie: Kurenai Densetsu,Ranked #146,"AdventureAdventure,","IsekaiIsekai,",Finished,1,1,"['Aug30', '2019']",[''],4.627
Owarimonogatari,Ranked #147,"ComedyComedy,",,Finished,12,26,"['Oct4', '2015']","['Dec20', '2015']",2.781
Re:Zero kara Hajimeru Isekai Seikatsu 2nd Season Part 2,Ranked #148,"DramaDrama,","IsekaiIsekai,",Finished,12,29,"['Jan6', '2021']","['Mar24', '2021']",11.793
Steins;Gate Movie: Fuka Ryouiki no Déjà vu,Ranked #149,"DramaDrama,",,Finished,1,1,"['Apr20', '2013']",[''],2.515
Golden Kamuy 3rd Season,Ranked #150,"ActionAction,",Adult,Finished,12,23,"['Oct5', '2020']","['Dec21', '2020']",1.393
Jigokuraku,Ranked #151,"ActionAction,","GoreGore,",Currently,13,24,"['Apr1', '2023']",['?'],2.079
Zoku Owarimonogatari,Ranked #152,"ComedyComedy,",,Finished,6,28,"['Nov10', '2018']",[''],936
Mo Dao Zu Shi,Ranked #153,"ActionAction,","HistoricalHistorical,",Finished,15,25,"['Jul9', '2018']","['Oct6', '2018']",6.239
Mushishi Zoku Shou: Odoro no Michi,Ranked #154,"AdventureAdventure,",Adult,Finished,1,47,"['Aug20', '2014']",[''],116
Haikyuu!!,Ranked #155,,"SchoolSchool,",Finished,25,24,"['Apr6', '2014']","['Sep21', '2014']",70.382
JoJo no Kimyou na Bouken Part 3: Stardust Crusaders 2nd Season,Ranked #156,"ActionAction,",,Finished,24,23,"['Jan10', '2015']","['Jun20', '2015']",19.715
Karakai Jouzu no Takagi-san 3,Ranked #157,,"IyashikeiIyashikei,",Finished,12,24,"['Jan8', '2022']","['Mar26', '2022']",2.238
Gintama: Yorinuki Gintama-san on Theater 2D,Ranked #158,"ActionAction,",Gag,Finished,2,1,"['Aug26', '2012']",[''],44
Grand Blue,Ranked #159,,,Finished,12,24,"['Jul14', '2018']","['Sep29', '2018']",18.139
Kono Oto Tomare! Part 2,Ranked #160,"DramaDrama,","MusicMusic,",Finished,13,23,"['Oct6', '2019']","['Dec29', '2019']",1.615
Mononoke,Ranked #161,"FantasyFantasy,",Adult,Finished,12,22,"['Jul13', '2007']","['Sep28', '2007']",7.641
Saenai Heroine no Sodatekata Fine,Ranked #162,"ComedyComedy,","HaremHarem,",Finished,1,1,"['Oct26', '2019']",[''],2.382
Saiki Kusuo no Ψ-nan 2,Ranked #163,"ComedyComedy,",Gag,Finished,24,24,"['Jan17', '2018']","['Jun27', '2018']",4.002
Tian Guan Ci Fu Special,Ranked #164,"DramaDrama,",,Finished,1,22,"['Feb16', '2021']",[''],394
Koukaku Kidoutai: Stand Alone Complex,Ranked #165,"ActionAction,",Adult,Finished,26,25,"['Oct1', '2002']","['Oct1', '2003']",8.378
Mo Dao Zu Shi: Xian Yun Pian,Ranked #166,"ActionAction,","HistoricalHistorical,",Finished,8,24,"['Aug3', '2019']","['Sep21', '2019']",1.150
Saiki Kusuo no Ψ-nan,Ranked #167,"ComedyComedy,",Gag,Finished,120,5,"['Jul4', '2016']","['Dec26', '2016']",27.280
Vivy: Fluorite Eye's Song,Ranked #168,"ActionAction,","MusicMusic,",Finished,13,24,"['Apr3', '2021']","['Jun19', '2021']",9.843
Josee to Tora to Sakana-tachi,Ranked #174,"DramaDrama,",,Finished,1,1,"['Dec25', '2020']",[''],5.541
Hunter x Hunter,Ranked #173,"ActionAction,",,Finished,62,23,"['Oct16', '1999']","['Mar31', '2001']",10.367
Kaguya-sama wa Kokurasetai: Tensai-tachi no Renai Zunousen,Ranked #175,,"PsychologicalPsychological,",Finished,12,25,"['Jan12', '2019']","['Mar30', '2019']",37.065
Major S5,Ranked #170,,,Finished,25,24,"['Jan10', '2009']","['Jun27', '2009']",622
Natsume Yuujinchou Movie: Utsusemi ni Musubu,Ranked #171,"DramaDrama,","IyashikeiIyashikei,",Finished,1,1,"['Sep29', '2018']",[''],186
Shingeki no Kyojin: Kuinaki Sentaku,Ranked #172,,,Finished,2,27,"['Dec9', '2014']","['Apr9', '2015']",1.847
Violet Evergarden Gaiden: Eien to Jidou Shuki Ningyou,Ranked #169,"DramaDrama,",,Finished,1,1,"['Sep6', '2019']",[''],1.415
Wu Liuqi: Xuanwu Guo Pian,Ranked #178,"ActionAction,",Martial,Finished,10,16,"['Jan21', '2021']","['May5', '2021']",729
Gintama°: Aizome Kaori-hen,Ranked #176,,Gag,Finished,2,26,"['Aug4', '2016']","['Nov4', '2016']",133
Kara no Kyoukai Movie 7: Satsujin Kousatsu (Go),Ranked #177,"ActionAction,",,Finished,1,2,"['Aug8', '2009']",[''],2.267
Natsume Yuujinchou Roku Specials,Ranked #179,"DramaDrama,","IyashikeiIyashikei,",Finished,2,23,"['Sep27', '2017']","['Oct25', '2017']",67
Sayonara no Asa ni Yakusoku no Hana wo Kazarou,Ranked #180,"DramaDrama,",,Finished,1,1,"['Feb24', '2018']",[''],6.867
Tensei shitara Slime Datta Ken 2nd Season,Ranked #181,"ActionAction,","IsekaiIsekai,",Finished,12,23,"['Jan12', '2021']","['Mar30', '2021']",10.280
Tian Guan Ci Fu,Ranked #195,"ActionAction,",,Finished,11,25,"['Oct31', '2020']","['Jan2', '2021']",4.377
Chihayafuru 2,Ranked #182,"DramaDrama,",Love,Finished,25,22,"['Jan12', '2013']","['Jun29', '2013']",1.587
Cross Game,Ranked #183,"DramaDrama,","SchoolSchool,",Finished,50,23,"['Apr5', '2009']","['Mar28', '2010']",2.987
Houseki no Kuni,Ranked #184,"ActionAction,",,Finished,12,24,"['Oct7', '2017']","['Dec23', '2017']",12.472
Kamisama Hajimemashita: Kako-hen,Ranked #185,"ComedyComedy,","MythologyMythology,",Finished,4,30,"['Aug20', '2015']","['Aug19', '2016']",966
Kaze ga Tsuyoku Fuiteiru,Ranked #186,"DramaDrama,",,Finished,23,23,"['Oct3', '2018']","['Mar27', '2019']",5.760
Kimetsu no Yaiba: Mugen Ressha-hen,Ranked #187,"ActionAction,",,Finished,7,24,"['Oct10', '2021']","['Nov28', '2021']",3.792
3-gatsu no Lion,Ranked #188,"DramaDrama,","ChildcareChildcare,",Finished,22,25,"['Oct8', '2016']","['Mar18', '2017']",15.020
Barakamon,Ranked #189,,"ChildcareChildcare,",Finished,12,22,"['Jul6', '2014']","['Sep28', '2014']",12.496
Blue Lock,Ranked #190,,,Finished,24,24,"['Oct9', '2022']","['Mar26', '2023']",8.762
Boku no Hero Academia 6th Season,Ranked #191,,"SchoolSchool,",Finished,25,23,"['Oct1', '2022']","['Mar25', '2023']",5.917
Cowboy Bebop: Tengoku no Tobira,Ranked #192,"ActionAction,",Adult,Finished,1,1,"['Sep1', '2001']",[''],1.426
Non Non Biyori Nonstop,Ranked #194,,"CGDCTCGDCT,",Finished,12,24,"['Jan11', '2021']","['Mar29', '2021']",896
Kizumonogatari I: Tekketsu-hen,Ranked #196,"ActionAction,",,Finished,1,1,"['Jan8', '2016']",[''],3.363
Made in Abyss Movie 2: Hourou Suru Tasogare,Ranked #197,"AdventureAdventure,","GoreGore,",Finished,1,1,"['Jan18', '2019']",[''],197
Mahou Shoujo Madoka★Magica Movie 2: Eien no Monogatari,Ranked #198,"DramaDrama,",Mahou,Finished,1,1,"['Oct13', '2012']",[''],1.023
Mushoku Tensei: Isekai Ittara Honki Dasu,Ranked #193,"DramaDrama,","IsekaiIsekai,",Finished,11,23,"['Jan11', '2021']","['Mar22', '2021']",27.879
Yahari Ore no Seishun Love Comedy wa Machigatteiru. Kan,Ranked #201,"ComedyComedy,",Love,Finished,12,24,"['Jul10', '2020']","['Sep25', '2020']",13.459
Baccano!,Ranked #199,"ActionAction,","HistoricalHistorical,",Finished,13,24,"['Jul27', '2007']","['Nov2', '2007']",22.850
Fumetsu no Anata e,Ranked #200,"AdventureAdventure,",,Finished,20,25,"['Apr12', '2021']","['Aug30', '2021']",13.478
Haikyuu!! To the Top,Ranked #205,,"SchoolSchool,",Finished,13,24,"['Jan11', '2020']","['Apr4', '2020']",4.988
Kaze no Tani no Nausicaä,Ranked #206,"AdventureAdventure,",,Finished,1,1,"['Mar11', '1984']",[''],4.843
Mahou Shoujo Madoka★Magica,Ranked #204,Award,Mahou,Finished,12,24,"['Jan7', '2011']","['Apr22', '2011']",52.117
Usagi Drop,Ranked #202,,"ChildcareChildcare,",Finished,11,22,"['Jul8', '2011']","['Sep16', '2011']",5.977
Yoru ni Kakeru,Ranked #203,,,Finished,1,4,"['Nov16', '2019']",[''],91
Bakuman. 2nd Season,Ranked #207,"ComedyComedy,",,Finished,25,24,"['Oct1', '2011']","['Mar24', '2012']",1.370
Dr. Stone: New World,Ranked #208,"AdventureAdventure,",,Currently,,24,"['Apr6', '2023']",['?'],1.725
Gintama: Shiroyasha Koutan,Ranked #209,"ActionAction,","HistoricalHistorical,",Finished,1,10,"['Sep21', '2008']",[''],88
Hellsing Ultimate,Ranked #210,"ActionAction,",Adult,Finished,10,49,"['Feb10', '2006']","['Dec26', '2012']",20.811
K-On! Movie,Ranked #211,Award,"CGDCTCGDCT,",Finished,1,1,"['Dec3', '2011']",[''],2.642
Kage no Jitsuryokusha ni Naritakute!,Ranked #212,"ActionAction,","IsekaiIsekai,",Finished,20,23,"['Oct5', '2022']","['Feb15', '2023']",9.091
Kiseijuu: Sei no Kakuritsu,Ranked #214,"ActionAction,","GoreGore,",Finished,24,23,"['Oct9', '2014']","['Mar26', '2015']",33.242
Neon Genesis Evangelion,Ranked #213,"ActionAction,","MechaMecha,",Finished,26,24,"['Oct4', '1995']","['Mar27', '1996']",99.293
Psycho-Pass,Ranked #215,"ActionAction,",Adult,Finished,22,23,"['Oct12', '2012']","['Mar22', '2013']",37.507
Re:Zero kara Hajimeru Isekai Seikatsu 2nd Season,Ranked #216,"DramaDrama,","IsekaiIsekai,",Finished,13,27,"['Jul8', '2020']","['Sep30', '2020']",11.213
Major S6,Ranked #217,,,Finished,25,24,"['Apr3', '2010']","['Sep25', '2010']",470
Natsume Yuujinchou: Itsuka Yuki no Hi ni,Ranked #218,"DramaDrama,","IyashikeiIyashikei,",Finished,1,22,"['Feb5', '2014']",[''],106
One Outs,Ranked #219,,Adult,Finished,25,23,"['Oct8', '2008']","['Apr1', '2009']",3.924
Spy x Family Part 2,Ranked #220,"ActionAction,",,Finished,13,24,"['Oct1', '2022']","['Dec24', '2022']",6.685
Tensei shitara Slime Datta Ken 2nd Season Part 2,Ranked #221,"ActionAction,","IsekaiIsekai,",Finished,12,23,"['Jul6', '2021']","['Sep21', '2021']",10.350
Uchuu Senkan Yamato 2199,Ranked #222,"ActionAction,",Adult,Finished,26,25,"['May25', '2012']","['Oct25', '2013']",1.709
Versailles no Bara,Ranked #223,"DramaDrama,","HistoricalHistorical,",Finished,40,24,"['Oct10', '1979']","['Sep3', '1980']",2.800
"Violet Evergarden: Kitto ""Ai"" wo Shiru Hi ga Kuru no Darou",Ranked #224,"DramaDrama,",,Finished,1,34,"['Jul4', '2018']",[''],824
Bakemonogatari,Ranked #225,"MysteryMystery,",,Finished,15,25,"['Jul3', '2009']","['Jun25', '2010']",47.820
Given,Ranked #226,Boys,"MusicMusic,",Finished,11,22,"['Jul12', '2019']","['Sep20', '2019']",16.400
Gotcha!,Ranked #227,,,Finished,1,3,"['Sep29', '2020']",[''],224
Initial D First Stage,Ranked #228,"ActionAction,",,Finished,26,25,"['Apr19', '1998']","['Dec6', '1998']",10.938
Kidou Senshi Gundam: The Origin,Ranked #229,"ActionAction,","MechaMecha,",Finished,6,1,"['Feb28', '2015']","['May5', '2018']",822
Kingdom 2nd Season,Ranked #230,,"HistoricalHistorical,",Finished,39,25,"['Jun8', '2013']","['Mar2', '2014']",823
Fate/stay night: Unlimited Blade Works 2nd Season,Ranked #231,"ActionAction,",,Finished,13,24,"['Apr5', '2015']","['Jun28', '2015']",9.017
Katanagatari,Ranked #232,"ActionAction,","HistoricalHistorical,",Finished,12,50,"['Jan26', '2010']","['Dec11', '2010']",10.654
Kawaki wo Ameku,Ranked #233,,,Finished,1,4,"['Jan29', '2019']",[''],190
Natsume Yuujinchou Go Specials,Ranked #234,"DramaDrama,","IyashikeiIyashikei,",Finished,2,23,"['Mar30', '2017']","['Apr26', '2017']",55
Ookami to Koushinryou II,Ranked #235,"AdventureAdventure,",,Finished,12,24,"['Jul9', '2009']","['Sep24', '2009']",4.202
Romeo no Aoi Sora,Ranked #236,"AdventureAdventure,",,Finished,33,23,"['Jan15', '1995']","['Dec17', '1995']",616
Kobayashi-san Chi no Maid Dragon S,Ranked #237,"FantasyFantasy,",,Finished,12,23,"['Jul8', '2021']","['Sep23', '2021']",5.727
Natsume Yuujinchou,Ranked #238,"DramaDrama,","IyashikeiIyashikei,",Finished,13,24,"['Jul8', '2008']","['Sep30', '2008']",15.134
NHK ni Youkoso!,Ranked #239,"ComedyComedy,",Otaku,Finished,24,24,"['Jul10', '2006']","['Dec18', '2006']",25.193
Sakamichi no Apollon,Ranked #240,"DramaDrama,","HistoricalHistorical,",Finished,12,22,"['Apr13', '2012']","['Jun29', '2012']",6.817
Shelter (Music),Ranked #241,,,Finished,1,6,"['Oct18', '2016']",[''],2.413
Ano Hi Mita Hana no Namae wo Bokutachi wa Mada Shiranai.,Ranked #242,"DramaDrama,",,Finished,11,22,"['Apr15', '2011']","['Jun24', '2011']",32.125
Boku dake ga Inai Machi,Ranked #243,"MysteryMystery,","PsychologicalPsychological,",Finished,12,23,"['Jan8', '2016']","['Mar25', '2016']",46.203
Evangelion: 2.0 You Can (Not) Advance,Ranked #244,"ActionAction,","MechaMecha,",Finished,1,1,"['Jul27', '2009']",[''],3.349
Hunter x Hunter: Original Video Animation,Ranked #245,"ActionAction,",,Finished,8,24,"['Jan17', '2002']","['Apr17', '2002']",395
Kemono no Souja Erin,Ranked #246,"DramaDrama,",,Finished,50,25,"['Jan10', '2009']","['Dec26', '2009']",1.479
Detective Conan Movie 06: The Phantom of Baker Street,Ranked #247,"AdventureAdventure,",,Finished,1,1,"['Apr20', '2002']",[''],241
Diamond no Ace: Second Season,Ranked #248,,"SchoolSchool,",Finished,51,24,"['Apr6', '2015']","['Mar28', '2016']",1.044
Dr. Stone: Ryuusui,Ranked #262,"AdventureAdventure,",,Finished,1,54,"['Jul10', '2022']",[''],643
Hibike! Euphonium 2,Ranked #249,,"MusicMusic,",Finished,13,23,"['Oct6', '2016']","['Dec29', '2016']",3.379
IDOLiSH7 Third Beat! Part 2,Ranked #250,,Idols,Finished,17,24,"['Oct2', '2022']","['Feb26', '2023']",178
Kuroko no Basket 3rd Season,Ranked #251,,"SchoolSchool,",Finished,25,24,"['Jan11', '2015']","['Jun30', '2015']",5.007
Kino no Tabi: The Beautiful World,Ranked #252,"ActionAction,","IyashikeiIyashikei,",Finished,13,24,"['Apr8', '2003']","['Jul8', '2003']",6.562
Major: World Series,Ranked #253,,,Finished,2,28,"['Dec16', '2011']","['Jan18', '2012']",104
Rurouni Kenshin: Meiji Kenkaku Romantan,Ranked #254,"ActionAction,","HistoricalHistorical,",Finished,94,25,"['Jan10', '1996']","['Sep8', '1998']",9.852
Shinsekai yori,Ranked #255,"DramaDrama,",,Finished,25,22,"['Sep29', '2012']","['Mar23', '2013']",21.698
Steins;Gate: Oukoubakko no Poriomania,Ranked #256,"ComedyComedy,",,Finished,1,24,"['Feb22', '2012']",[''],790
Tenki no Ko,Ranked #257,Award,,Finished,1,1,"['Jul19', '2019']",[''],11.492
Ashita no Joe,Ranked #258,"DramaDrama,",,Finished,79,25,"['Apr1', '1970']","['Sep29', '1971']",1.832
Beck,Ranked #259,"ComedyComedy,",,Finished,26,25,"['Oct7', '2004']","['Mar31', '2005']",8.065
Doukyuusei (Movie),Ranked #260,Boys,,Finished,1,1,"['Feb20', '2016']",[''],5.860
Dr. Stone,Ranked #261,"AdventureAdventure,","SurvivalSurvival,",Finished,24,24,"['Jul5', '2019']","['Dec13', '2019']",26.443
Gintama: Shinyaku Benizakura-hen,Ranked #263,"ActionAction,","HistoricalHistorical,",Finished,1,11,"['Dec15', '2010']",[''],51
Hotarubi no Mori e,Ranked #264,Award,,Finished,1,45,"['Sep17', '2011']",[''],9.983
86,Ranked #265,"ActionAction,","MechaMecha,",Finished,11,23,"['Apr11', '2021']","['Jun20', '2021']",16.376
Fate/Zero,Ranked #266,"ActionAction,",,Finished,13,28,"['Oct2', '2011']","['Dec25', '2011']",32.958
Ginga Eiyuu Densetsu: Die Neue These - Gekitotsu,Ranked #267,"DramaDrama,",Adult,Finished,12,25,"['Mar4', '2022']","['May13', '2022']",108
Initial D Final Stage,Ranked #268,,,Finished,4,27,"['May16', '2014']","['Jun22', '2014']",868
Ramayana: The Legend of Prince Rama,Ranked #269,,,Finished,1,2,"['Jan15', '1993']",[''],149
Redline,Ranked #270,"ActionAction,",Adult,Finished,1,1,"['Aug14', '2009']",[''],5.258
Shirobako,Ranked #271,Award,Adult,Finished,24,24,"['Oct9', '2014']","['Mar26', '2015']",6.179
Tokyo Godfathers,Ranked #272,Award,,Finished,1,1,"['Nov8', '2003']",[''],2.398
Tsubasa: Tokyo Revelations,Ranked #273,"ActionAction,",,Finished,3,30,"['Nov16', '2007']","['Mar17', '2008']",829
World Trigger 3rd Season,Ranked #274,"ActionAction,",,Finished,14,23,"['Oct10', '2021']","['Jan23', '2022']",1.023
Yuru Camp△,Ranked #275,,"CGDCTCGDCT,",Finished,12,23,"['Jan4', '2018']","['Mar22', '2018']",10.368
Yuukoku no Moriarty Part 2,Ranked #276,"MysteryMystery,",Adult,Finished,13,23,"['Apr4', '2021']","['Jun27', '2021']",2.822
Gin no Saji 2nd Season,Ranked #277,,,Finished,11,24,"['Jan10', '2014']","['Mar28', '2014']",648
Golden Kamuy 4th Season,Ranked #278,"ActionAction,",Adult,Currently,13,23,"['Oct3', '2022']",['?'],445
Gyakkyou Burai Kaiji: Ultimate Survivor,Ranked #279,,Adult,Finished,26,23,"['Oct3', '2007']","['Apr2', '2008']",9.644
Kono Subarashii Sekai ni Shukufuku wo! 2,Ranked #280,"AdventureAdventure,","IsekaiIsekai,",Finished,10,23,"['Jan12', '2017']","['Mar16', '2017']",11.662
Koukaku Kidoutai,Ranked #281,"ActionAction,",Adult,Finished,1,1,"['Nov18', '1995']",[''],12.156
Nodame Cantabile,Ranked #282,"ComedyComedy,",Adult,Finished,23,22,"['Jan12', '2007']","['Jun15', '2007']",4.902
Stranger: Mukou Hadan,Ranked #283,"ActionAction,","HistoricalHistorical,",Finished,1,1,"['Sep29', '2007']",[''],2.909
Naruto: Shippuuden,Ranked #284,"ActionAction,",,Finished,500,23,"['Feb15', '2007']","['Mar23', '2017']",106.348
Planetes,Ranked #285,Award,Adult,Finished,26,25,"['Oct4', '2003']","['Apr17', '2004']",3.818
Space☆Dandy 2nd Season,Ranked #286,"ComedyComedy,",Adult,Finished,13,24,"['Jul6', '2014']","['Sep25', '2014']",1.795
Tenkuu no Shiro Laputa,Ranked #287,"AdventureAdventure,",,Finished,1,2,"['Aug2', '1986']",[''],3.980
Bakemono no Ko,Ranked #288,"AdventureAdventure,","AnthropomorphicAnthropomorphic,",Finished,1,1,"['Jul11', '2015']",[''],3.102
Diamond no Ace: Act II,Ranked #289,,"SchoolSchool,",Finished,52,24,"['Apr2', '2019']","['Mar31', '2020']",923
Hajime no Ippo: Champion Road,Ranked #290,,,Finished,1,1,"['Apr18', '2003']",[''],209
Holo no Graffiti,Ranked #296,,,Currently,,1,"['May5', '2019']",['?'],1.799
Hunter x Hunter: Greed Island Final,Ranked #291,"ActionAction,",,Finished,14,24,"['Mar3', '2004']","['Aug18', '2004']",233
Ao Ashi,Ranked #292,,,Finished,24,24,"['Apr9', '2022']","['Sep24', '2022']",2.724
Dungeon ni Deai wo Motomeru no wa Machigatteiru Darou ka IV: Fuka Shou - Yakusai-hen,Ranked #293,"ActionAction,",,Finished,11,24,"['Jan7', '2023']","['Mar18', '2023']",1.043
Ginga Eiyuu Densetsu: Die Neue These - Seiran 3,Ranked #294,"DramaDrama,",Adult,Finished,4,25,"['Nov29', '2019']",[''],89
Gyakkyou Burai Kaiji: Hakairoku-hen,Ranked #295,,Adult,Finished,26,24,"['Apr6', '2011']","['Sep28', '2011']",2.599
Tonari no Totoro,Ranked #297,"AdventureAdventure,",,Finished,1,1,"['Apr16', '1988']",[''],7.842
Kuroshitsuji Movie: Book of the Atlantic,Ranked #298,"ActionAction,","HistoricalHistorical,",Finished,1,1,"['Jan21', '2017']",[''],1.374
Non Non Biyori Movie: Vacation,Ranked #299,,"CGDCTCGDCT,",Finished,1,1,"['Aug25', '2018']",[''],205
Seishun Buta Yarou wa Bunny Girl Senpai no Yume wo Minai,Ranked #300,"DramaDrama,",,Finished,13,24,"['Oct4', '2018']","['Dec27', '2018']",44.465
Sennen Joyuu,Ranked #301,"ActionAction,","HistoricalHistorical,",Finished,1,1,"['Sep14', '2002']",[''],2.441
Sono Bisque Doll wa Koi wo Suru,Ranked #302,,Otaku,Finished,12,23,"['Jan9', '2022']","['Mar27', '2022']",18.427
Steins;Gate: Kyoukaimenjou no Missing Link - Divide By Zero,Ranked #303,"Sci-FiSci-Fi,",,Finished,1,24,"['Dec3', '2015']",[''],390
Nodame Cantabile: Finale,Ranked #304,"ComedyComedy,",Adult,Finished,11,22,"['Jan15', '2010']","['Mar26', '2010']",409
Re:Zero kara Hajimeru Isekai Seikatsu,Ranked #305,"DramaDrama,","IsekaiIsekai,",Finished,25,25,"['Apr4', '2016']","['Sep19', '2016']",64.154
Sasaki to Miyano,Ranked #306,,Otaku,Finished,12,23,"['Jan10', '2022']","['Mar28', '2022']",4.178
Danshi Koukousei no Nichijou,Ranked #307,,Gag,Finished,12,24,"['Jan10', '2012']","['Mar27', '2012']",13.750
Detective Conan: Episode One - The Great Detective Turned Small,Ranked #308,"AdventureAdventure,",,Finished,1,1,"['Dec9', '2016']",[''],59
Dororo,Ranked #309,"ActionAction,","HistoricalHistorical,",Finished,24,24,"['Jan7', '2019']","['Jun24', '2019']",19.175
Golden Kamuy 2nd Season,Ranked #310,"ActionAction,",Adult,Finished,12,23,"['Oct8', '2018']","['Dec24', '2018']",896
Youjo Senki Movie,Ranked #311,"ActionAction,","IsekaiIsekai,",Finished,1,1,"['Feb8', '2019']",[''],1.002
Kotarou wa Hitorigurashi,Ranked #312,"ComedyComedy,",,Finished,10,27,"['Mar10', '2022']",[''],1.762
Major S3,Ranked #313,,,Finished,26,25,"['Jan6', '2007']","['Jun30', '2007']",350
One Piece Movie 14: Stampede,Ranked #314,"ActionAction,",,Finished,1,1,"['Aug9', '2019']",[''],633
Ginga Eiyuu Densetsu: Die Neue These - Sakubou,Ranked #315,"DramaDrama,",Adult,Finished,12,25,"['Sep30', '2022']","['Nov25', '2022']",49
Great Pretender,Ranked #316,"ActionAction,",,Finished,23,23,"['Jul9', '2020']","['Dec17', '2020']",9.369
Hajime no Ippo: Mashiba vs. Kimura,Ranked #317,,,Finished,1,1,"['Sep5', '2003']",[''],168
Kidou Senshi Gundam: Tekketsu no Orphans 2nd Season,Ranked #318,"ActionAction,","MechaMecha,",Finished,25,24,"['Oct2', '2016']","['Apr2', '2017']",1.543
Bungou Stray Dogs 3rd Season,Ranked #319,"ActionAction,",Adult,Finished,12,23,"['Apr12', '2019']","['Jun28', '2019']",4.803
Fruits Basket 1st Season,Ranked #320,"DramaDrama,",Love,Finished,25,23,"['Apr6', '2019']","['Sep21', '2019']",14.779
Trigun,Ranked #321,"ActionAction,",,Finished,26,24,"['Apr1', '1998']","['Sep30', '1998']",14.751
Wu Liuqi: Zui Qiang Fa Xing Shi,Ranked #341,"ActionAction,",Martial,Finished,10,16,"['Oct23', '2019']","['Jan1', '2020']",489
Kono Sekai no Katasumi ni,Ranked #323,Award,,Finished,1,2,"['Nov12', '2016']",[''],1.459
Kuroko no Basket 2nd Season,Ranked #324,,"SchoolSchool,",Finished,25,24,"['Oct6', '2013']","['Mar30', '2014']",4.313
Magi: The Kingdom of Magic,Ranked #325,"ActionAction,",,Finished,25,25,"['Oct6', '2013']","['Mar30', '2014']",7.577
Mahou Shoujo Madoka★Magica Movie 1: Hajimari no Monogatari,Ranked #326,"DramaDrama,",Mahou,Finished,1,2,"['Oct6', '2012']",[''],907
Majo no Takkyuubin,Ranked #327,"AdventureAdventure,",,Finished,1,1,"['Jul29', '1989']",[''],5.243
Major S1,Ranked #328,,,Finished,26,25,"['Nov13', '2004']","['May21', '2005']",1.366
Mimi wo Sumaseba,Ranked #329,"DramaDrama,",,Finished,1,1,"['Jul15', '1995']",[''],4.569
Ookami to Koushinryou,Ranked #330,"AdventureAdventure,",,Finished,13,24,"['Jan9', '2008']","['Mar26', '2008']",17.461
SKET Dance,Ranked #331,,,Finished,77,24,"['Apr7', '2011']","['Sep27', '2012']",3.170
Lycoris Recoil,Ranked #332,,,Finished,13,24,"['Jul2', '2022']","['Sep24', '2022']",6.853
ReLIFE: Kanketsu-hen,Ranked #333,"DramaDrama,",,Finished,4,23,"['Mar21', '2018']",[''],1.706
Tanoshii Muumin Ikka,Ranked #334,"AdventureAdventure,",,Finished,78,24,"['Apr12', '1990']","['Oct3', '1991']",654
Cardcaptor Sakura Movie 2: Fuuin Sareta Card,Ranked #335,Award,,Finished,1,1,"['Jul15', '2000']",[''],437
Detective Conan Movie 13: The Raven Chaser,Ranked #336,"ActionAction,",,Finished,1,1,"['Apr18', '2009']",[''],78
Hachimitsu to Clover II,Ranked #337,"DramaDrama,",Adult,Finished,12,23,"['Jun30', '2006']","['Sep15', '2006']",954
IDOLiSH7 Third Beat!,Ranked #338,,Idols,Finished,13,24,"['Jul4', '2021']","['Sep26', '2021']",331
Kaguya-hime no Monogatari,Ranked #339,Award,,Finished,1,2,"['Nov23', '2013']",[''],2.388
Kamisama Hajimemashita◎,Ranked #340,"ComedyComedy,",,Finished,12,23,"['Jan6', '2015']","['Mar31', '2015']",2.824
xxxHOLiC◆Kei,Ranked #322,"ComedyComedy,",,Finished,13,24,"['Apr4', '2008']","['Jun27', '2008']",586
Yahari Ore no Seishun Love Comedy wa Machigatteiru. Zoku,Ranked #342,"ComedyComedy,",Love,Finished,13,24,"['Apr3', '2015']","['Jun26', '2015']",15.676
Vanitas no Karte Part 2,Ranked #343,"ActionAction,","HistoricalHistorical,",Finished,12,23,"['Jan15', '2022']","['Apr2', '2022']",2.494
xxxHOLiC Rou,Ranked #344,"MysteryMystery,",,Finished,2,35,"['Apr23', '2010']","['Mar9', '2011']",179
Major S2,Ranked #345,,,Finished,26,25,"['Dec10', '2005']","['Jun10', '2006']",307
No Game No Life: Zero,Ranked #346,"DramaDrama,",,Finished,1,1,"['Jul15', '2017']",[''],7.499
Nomad: Megalo Box 2,Ranked #347,"Sci-FiSci-Fi,",,Finished,13,24,"['Apr4', '2021']","['Jun27', '2021']",1.981
Quanzhi Gaoshou Specials,Ranked #348,,,Finished,3,27,"['Apr27', '2018']","['May11', '2018']",351
Saiki Kusuo no Ψ-nan: Kanketsu-hen,Ranked #349,"ComedyComedy,",Gag,Finished,1,47,"['Dec28', '2018']",[''],357
Shoujo Shuumatsu Ryokou,Ranked #350,"AdventureAdventure,",,Finished,12,23,"['Oct6', '2017']","['Dec22', '2017']",6.363
Berserk: Ougon Jidai-hen III - Kourin,Ranked #351,"ActionAction,","GoreGore,",Finished,1,1,"['Feb1', '2013']",[''],1.542
Horimiya,Ranked #352,,,Finished,13,23,"['Jan10', '2021']","['Apr4', '2021']",31.129
InuYasha: Kanketsu-hen,Ranked #353,"ActionAction,","HistoricalHistorical,",Finished,26,24,"['Oct4', '2009']","['Mar30', '2010']",2.094
JoJo no Kimyou na Bouken Part 6: Stone Ocean,Ranked #354,"ActionAction,",,Finished,12,24,"['Dec1', '2021']",[''],6.740
Asobi Asobase,Ranked #355,,Gag,Finished,12,23,"['Jul8', '2018']","['Sep23', '2018']",6.143
Bakuman.,Ranked #356,"ComedyComedy,",,Finished,25,24,"['Oct2', '2010']","['Apr2', '2011']",9.319
Bungou Stray Dogs 2nd Season,Ranked #357,"ActionAction,",Adult,Finished,12,23,"['Oct6', '2016']","['Dec16', '2016']",6.561
Chihayafuru,Ranked #358,"DramaDrama,",Love,Finished,25,22,"['Oct5', '2011']","['Mar28', '2012']",7.637
Fate/stay night: Unlimited Blade Works,Ranked #359,"ActionAction,",,Finished,12,28,"['Oct12', '2014']","['Dec28', '2014']",15.948
Haikyuu!! Movie 4: Concept no Tatakai,Ranked #360,,"SchoolSchool,",Finished,1,1,"['Sep29', '2017']",[''],73
Yojouhan Time Machine Blues,Ranked #361,"ComedyComedy,","PsychologicalPsychological,",Finished,6,20,"['Sep14', '2022']","['Oct12', '2022']",192
Yoru wa Mijikashi Arukeyo Otome,Ranked #362,"ComedyComedy,",,Finished,1,1,"['Apr7', '2017']",[''],1.603
Little Busters! Refrain,Ranked #363,"ComedyComedy,",,Finished,13,24,"['Oct5', '2013']","['Dec28', '2013']",2.067
Liz to Aoi Tori,Ranked #364,Award,"MusicMusic,",Finished,1,1,"['Apr21', '2018']",[''],2.357
Maison Ikkoku,Ranked #365,"ComedyComedy,",,Finished,96,25,"['Mar26', '1986']","['Mar2', '1988']",1.595
Major S4,Ranked #366,,,Finished,26,24,"['Jan5', '2008']","['Jun28', '2008']",196
One Piece: Episode of Merry - Mou Hitori no Nakama no Monogatari,Ranked #367,"ActionAction,",,Finished,1,1,"['Aug24', '2013']",[''],74
Paripi Koumei,Ranked #368,,Adult,Finished,12,23,"['Apr5', '2022']","['Jun21', '2022']",2.395
Senki Zesshou Symphogear XV,Ranked #369,"ActionAction,",Idols,Finished,13,23,"['Jul7', '2019']","['Sep29', '2019']",844
Shoujo Kakumei Utena,Ranked #370,Award,Mahou,Finished,39,23,"['Apr2', '1997']","['Dec24', '1997']",7.754
Stand By Me Doraemon 2,Ranked #371,"ComedyComedy,",,Finished,1,1,"['Nov20', '2020']",[''],104
Luo Xiao Hei Zhan Ji (Movie),Ranked #372,"AdventureAdventure,",,Finished,1,1,"['Sep7', '2019']",[''],314
Non Non Biyori Repeat,Ranked #373,,"CGDCTCGDCT,",Finished,12,23,"['Jul7', '2015']","['Sep22', '2015']",1.279
Toaru Kagaku no Railgun T,Ranked #374,"ActionAction,",,Finished,25,24,"['Jan10', '2020']","['Sep25', '2020']",3.199
Ballroom e Youkoso,Ranked #375,,,Finished,24,24,"['Jul9', '2017']","['Dec17', '2017']",3.390
Buddy Daddies,Ranked #376,"ActionAction,","ChildcareChildcare,",Finished,12,24,"['Jan7', '2023']","['Apr1', '2023']",1.865
Fate/stay night Movie: Heaven's Feel - I. Presage Flower,Ranked #377,"ActionAction,",,Finished,1,2,"['Oct14', '2017']",[''],2.449
Girls & Panzer Movie,Ranked #378,"ActionAction,","MilitaryMilitary,",Finished,1,2,"['Nov21', '2015']",[''],1.307
Higurashi no Naku Koro ni Kai,Ranked #379,"MysteryMystery,","GoreGore,",Finished,24,24,"['Jul6', '2007']","['Dec18', '2007']",7.216
Hunter x Hunter: Greed Island,Ranked #380,"ActionAction,",,Finished,8,22,"['Feb5', '2003']","['Apr16', '2003']",280
Aria the Natural,Ranked #381,"FantasyFantasy,",,Finished,26,24,"['Apr3', '2006']","['Sep25', '2006']",796
Black Lagoon: The Second Barrage,Ranked #382,,Adult,Finished,12,23,"['Oct3', '2006']","['Dec19', '2006']",2.954
Detective Conan,Ranked #383,"AdventureAdventure,",,Currently,,25,"['Jan8', '1996']",['?'],13.758
Detective Conan Movie 20: The Darkest Nightmare,Ranked #384,"ActionAction,",,Finished,1,1,"['Apr16', '2016']",[''],99
Digimon Adventure: Last Evolution Kizuna,Ranked #385,"ActionAction,",,Finished,1,1,"['Feb21', '2020']",[''],281
Dr. Stone: Stone Wars,Ranked #386,"AdventureAdventure,","SurvivalSurvival,",Finished,11,24,"['Jan14', '2021']","['Mar25', '2021']",7.040
Girls & Panzer: Saishuushou Part 3,Ranked #387,,"MilitaryMilitary,",Finished,1,47,"['Mar26', '2021']",[''],97
K-On!!,Ranked #388,Award,"CGDCTCGDCT,",Finished,26,24,"['Apr7', '2010']","['Sep29', '2010']",14.167
Akira,Ranked #389,"ActionAction,","GoreGore,",Finished,1,2,"['Jul16', '1988']",[''],12.740
Cardcaptor Sakura,Ranked #390,"AdventureAdventure,",Mahou,Finished,70,25,"['Apr7', '1998']","['Mar21', '2000']",12.614
Death Parade,Ranked #391,"DramaDrama,",Adult,Finished,12,23,"['Jan10', '2015']","['Mar28', '2015']",27.236
Dragon Ball Super: Broly,Ranked #392,"ActionAction,",Martial,Finished,1,1,"['Dec14', '2018']",[''],2.774
Dragon Ball Z,Ranked #393,"ActionAction,",Martial,Finished,291,24,"['Apr26', '1989']","['Jan31', '1996']",35.740
Initial D Fourth Stage,Ranked #395,"ActionAction,",,Finished,24,27,"['Apr17', '2004']","['Feb18', '2006']",1.225
Initial D Second Stage,Ranked #396,"ActionAction,",,Finished,13,23,"['Oct15', '1999']","['Jan21', '2000']",978
Major: Message,Ranked #398,,,Finished,1,24,"['Dec17', '2010']",[''],60
Noragami Aragoto,Ranked #399,"ActionAction,",,Finished,13,24,"['Oct3', '2015']","['Dec26', '2015']",11.381
Ouran Koukou Host Club,Ranked #400,"ComedyComedy,","CrossdressingCrossdressing,",Finished,26,23,"['Apr5', '2006']","['Sep27', '2006']",32.930
Shokugeki no Souma,Ranked #401,"GourmetGourmet,",,Finished,24,25,"['Apr4', '2015']","['Sep26', '2015']",23.389
Tengen Toppa Gurren Lagann Movie 1: Gurren-hen,Ranked #402,"ActionAction,",,Finished,1,1,"['Sep6', '2008']",[''],392
Yuukoku no Moriarty,Ranked #403,"MysteryMystery,",Adult,Finished,11,23,"['Oct11', '2020']","['Dec20', '2020']",6.323
Working!!! Lord of the Takanashi,Ranked #404,"ComedyComedy,",,Finished,1,49,"['Mar30', '2016']",[''],210
Eiga Daisuki Pompo-san,Ranked #394,"ComedyComedy,",,Finished,1,1,"['Jun4', '2021']",[''],320
Given: Uragawa no Sonzai,Ranked #405,Boys,"MusicMusic,",Finished,1,22,"['Dec1', '2021']",[''],712
IDOLiSH7 Second Beat!,Ranked #406,,Idols,Finished,15,24,"['Apr5', '2020']","['Dec27', '2020']",368
Kaguya-sama wa Kokurasetai: Ultra Romantic Teaser PV - Ishigami Yuu wa Kataritai,Ranked #407,,,Finished,1,9,"['Oct21', '2021']",[''],79
"Kamisama Hajimemashita: Kamisama, Shiawase ni Naru",Ranked #408,"ComedyComedy,",,Finished,1,12,"['Dec20', '2016']",[''],180
Kyoukai no Kanata Movie 2: I'll Be Here - Mirai-hen,Ranked #409,"ActionAction,",,Finished,1,1,"['Apr25', '2015']",[''],1.024
Lupin III: Cagliostro no Shiro,Ranked #410,"ActionAction,",,Finished,1,1,"['Dec15', '1979']",[''],1.268
Made in Abyss Movie 1: Tabidachi no Yoake,Ranked #397,"AdventureAdventure,","GoreGore,",Finished,1,1,"['Jan4', '2019']",[''],196
Natsume Yuujinchou: Ishi Okoshi to Ayashiki Raihousha,Ranked #411,"DramaDrama,","IyashikeiIyashikei,",Finished,1,51,"['Jan16', '2021']",[''],98
Lupin III: Part 5,Ranked #412,"ActionAction,",,Finished,24,22,"['Apr4', '2018']","['Sep19', '2018']",376
Nisemonogatari,Ranked #414,"ComedyComedy,",,Finished,11,25,"['Jan8', '2012']","['Mar18', '2012']",3.846
Nodame Cantabile: Paris-hen,Ranked #415,"ComedyComedy,",Adult,Finished,11,23,"['Oct10', '2008']","['Dec19', '2008']",281
Non Non Biyori Nonstop: Bukatsu wo Ganbatta,Ranked #416,,"CGDCTCGDCT,",Finished,1,22,"['Mar23', '2022']",[''],23
One Piece Film: Z,Ranked #417,"ActionAction,",,Finished,1,1,"['Dec15', '2012']",[''],588
Seirei no Moribito,Ranked #418,"ActionAction,",,Finished,26,25,"['Apr7', '2007']","['Sep29', '2007']",2.646
Tensei shitara Slime Datta Ken,Ranked #419,"ActionAction,","IsekaiIsekai,",Finished,24,23,"['Oct2', '2018']","['Mar19', '2019']",27.293
Youkoso Jitsuryoku Shijou Shugi no Kyoushitsu e 2nd Season,Ranked #420,"DramaDrama,","PsychologicalPsychological,",Finished,13,23,"['Jul4', '2022']","['Sep26', '2022']",7.170
Black Clover,Ranked #421,"ActionAction,",,Finished,170,23,"['Oct3', '2017']","['Mar30', '2021']",42.796
Gankutsuou,Ranked #422,Award,,Finished,24,24,"['Oct6', '2004']","['Mar30', '2005']",3.779
Ginga Eiyuu Densetsu: Die Neue These - Seiran 2,Ranked #423,"DramaDrama,",Adult,Finished,4,25,"['Oct25', '2019']",[''],41
Given Movie,Ranked #424,Boys,,Finished,1,59,"['Aug22', '2020']",[''],1.525
Hinamatsuri (TV),Ranked #425,"ComedyComedy,","ChildcareChildcare,",Finished,12,23,"['Apr6', '2018']","['Jun22', '2018']",4.268
Kaiba,Ranked #426,"AdventureAdventure,",,Finished,12,24,"['Apr11', '2008']","['Jul25', '2008']",3.503
Doraemon Movie 31: Shin Nobita to Tetsujin Heidan - Habatake Tenshi-tachi,Ranked #427,"AdventureAdventure,",,Finished,1,1,"['Mar5', '2011']",[''],119
Eizouken ni wa Te wo Dasu na!,Ranked #428,"AdventureAdventure,",Otaku,Finished,12,25,"['Jan6', '2020']","['Mar23', '2020']",3.849
Haikyuu!! Movie 3: Sainou to Sense,Ranked #429,,"SchoolSchool,",Finished,1,1,"['Sep15', '2017']",[''],93
Interstella5555: The 5tory of The 5ecret 5tar 5ystem,Ranked #430,"AdventureAdventure,",Adult,Finished,1,1,"['Dec1', '2003']",[''],918
JoJo no Kimyou na Bouken Part 6: Stone Ocean Part 2,Ranked #431,"ActionAction,",,Finished,12,24,"['Sep1', '2022']",[''],831
Katekyo Hitman Reborn!,Ranked #432,"ActionAction,",Organized,Finished,203,24,"['Oct7', '2006']","['Sep25', '2010']",15.780
Mahou Shoujo Lyrical Nanoha: The Movie 2nd A's,Ranked #433,"ActionAction,",,Finished,1,2,"['Jul14', '2012']",[''],190
Mahoutsukai no Yome Season 2,Ranked #413,"DramaDrama,",,Currently,12,24,"['Apr6', '2023']",['?'],597
Princess Tutu,Ranked #434,"ComedyComedy,",Mahou,Finished,38,16,"['Aug16', '2002']","['May23', '2003']",4.734
One Piece: Episode of Nami - Koukaishi no Namida to Nakama no Kizuna,Ranked #435,"ActionAction,",,Finished,1,1,"['Aug25', '2012']",[''],83
Toki wo Kakeru Shoujo,Ranked #436,Award,"SchoolSchool,",Finished,1,1,"['Jul15', '2006']",[''],5.735
Boku no Hero Academia 2nd Season,Ranked #437,,"SchoolSchool,",Finished,25,23,"['Apr1', '2017']","['Sep30', '2017']",17.150
Detective Conan Movie 05: Countdown to Heaven,Ranked #438,"AdventureAdventure,",,Finished,1,1,"['Apr21', '2001']",[''],53
Detective Conan Movie 14: The Lost Ship in the Sky,Ranked #439,"ActionAction,",,Finished,1,1,"['Apr17', '2010']",[''],57
Ginga Eiyuu Densetsu Gaiden,Ranked #440,"ActionAction,","MilitaryMilitary,",Finished,24,26,"['Feb9', '1998']","['Sep26', '1998']",68
Gintama': Futon ni Haitte kara Buki Nokoshi ni Kizuite Neru ni Nerenai Toki mo Aru,Ranked #441,"ActionAction,",Gag,Finished,1,24,"['Apr3', '2015']",[''],69
Kidou Senshi Gundam: The Origin - Zenya Akai Suisei,Ranked #442,"ActionAction,","MechaMecha,",Finished,13,25,"['Apr29', '2019']","['Aug12', '2019']",98
Chuunibyou demo Koi ga Shitai! Movie: Take On Me,Ranked #443,"ComedyComedy,",,Finished,1,1,"['Jan6', '2018']",[''],1.522
Detroit Metal City,Ranked #444,,Gag,Finished,12,14,"['Aug8', '2008']","['Oct28', '2008']",3.215
Diamond no Ace,Ranked #445,,"SchoolSchool,",Finished,75,24,"['Oct6', '2013']","['Mar29', '2015']",4.456
Durarara!!,Ranked #446,"ActionAction,",,Finished,24,24,"['Jan8', '2010']","['Jun25', '2010']",29.695
Fullmetal Alchemist,Ranked #447,"ActionAction,",,Finished,51,24,"['Oct4', '2003']","['Oct2', '2004']",25.369
Gintama°: Umai-mono wa Atomawashi ni Suru to Yokodorisareru kara Yappari Saki ni Kue,Ranked #448,"ActionAction,",Gag,Finished,1,12,"['Nov3', '2015']",[''],34
Honzuki no Gekokujou: Shisho ni Naru Tame ni wa Shudan wo Erandeiraremasen 2nd Season,Ranked #449,,"IsekaiIsekai,",Finished,12,23,"['Apr5', '2020']","['Jun21', '2020']",766
Kaze Tachinu,Ranked #450,Award,,Finished,1,2,"['Jul20', '2013']",[''],3.009
Kidou Senshi Gundam 00,Ranked #451,"ActionAction,","MechaMecha,",Finished,25,24,"['Oct6', '2007']","['Mar29', '2008']",4.388
Kono Subarashii Sekai ni Shukufuku wo!,Ranked #452,"AdventureAdventure,","IsekaiIsekai,",Finished,10,23,"['Jan14', '2016']","['Mar17', '2016']",43.179
Koukaku Kidoutai: Stand Alone Complex - Solid State Society,Ranked #453,Award,Adult,Finished,1,1,"['Sep1', '2006']",[''],239
Kuragehime,Ranked #454,,"CrossdressingCrossdressing,",Finished,11,22,"['Oct15', '2010']","['Dec31', '2010']",4.433
Mahoutsukai no Yome: Hoshi Matsu Hito,Ranked #455,"DramaDrama,",,Finished,3,23,"['Sep10', '2016']","['Sep9', '2017']",699
Saiki Kusuo no Ψ-nan: Ψ-shidou-hen,Ranked #456,"ComedyComedy,",Gag,Finished,6,22,"['Dec30', '2019']",[''],434
Tamayura: Sotsugyou Shashin Part 4 - Ashita,Ranked #457,"ComedyComedy,","CGDCTCGDCT,",Finished,1,57,"['Apr2', '2016']",[''],75
Kuroko no Basket: Saikou no Present desu,Ranked #458,,"SchoolSchool,",Finished,1,23,"['Dec24', '2015']",[''],198
Mirai Shounen Conan,Ranked #459,"AdventureAdventure,",,Finished,26,29,"['Apr4', '1978']","['Oct31', '1978']",552
Overlord IV,Ranked #460,"ActionAction,",,Finished,13,23,"['Jul5', '2022']","['Sep27', '2022']",6.566
Akatsuki no Yona OVA,Ranked #461,"ActionAction,",,Finished,3,23,"['Sep18', '2015']","['Dec20', '2016']",359
Baccano! Specials,Ranked #462,"ActionAction,","HistoricalHistorical,",Finished,3,28,"['Feb27', '2008']","['May28', '2008']",299
JoJo no Kimyou na Bouken Part 3: Stardust Crusaders,Ranked #463,"ActionAction,",,Finished,24,24,"['Apr5', '2014']","['Sep13', '2014']",20.890
Kidou Senshi Gundam Unicorn,Ranked #464,"ActionAction,","MechaMecha,",Finished,7,1,"['Mar12', '2010']","['Jun6', '2014']",1.539
Tsubasa: Shunraiki,Ranked #465,"ActionAction,",,Finished,2,29,"['Mar17', '2009']","['May15', '2009']",251
Tsukimonogatari,Ranked #466,"ComedyComedy,",,Finished,4,26,"['Dec31', '2014']",[''],941
Zankyou no Terror,Ranked #467,"MysteryMystery,",,Finished,11,22,"['Jul11', '2014']","['Sep26', '2014']",21.323
Tonikaku Kawaii: SNS,Ranked #468,"ComedyComedy,",,Finished,1,23,"['Aug18', '2021']",[''],714
Toradora!,Ranked #469,"DramaDrama,",Love,Finished,25,23,"['Oct2', '2008']","['Mar26', '2009']",55.363
Uchouten Kazoku 2,Ranked #470,"ComedyComedy,",,Finished,12,23,"['Apr9', '2017']","['Jun25', '2017']",299
"Komi-san wa, Comyushou desu. 2nd Season",Ranked #471,,Romantic,Finished,12,23,"['Apr7', '2022']","['Jun23', '2022']",3.681
No Game No Life,Ranked #472,"ComedyComedy,","IsekaiIsekai,",Finished,12,23,"['Apr9', '2014']","['Jun25', '2014']",47.272
One Piece Film: Strong World,Ranked #473,"ActionAction,",,Finished,1,1,"['Dec12', '2009']",[''],447
Romantic Killer,Ranked #474,"ComedyComedy,","ParodyParody,",Finished,12,26,"['Oct27', '2022']",[''],1.988
Saint Seiya: The Lost Canvas - Meiou Shinwa 2,Ranked #475,"ActionAction,",Martial,Finished,13,24,"['Feb23', '2011']","['Jul20', '2011']",309
Sakura-sou no Pet na Kanojo,Ranked #476,"DramaDrama,","SchoolSchool,",Finished,24,23,"['Oct9', '2012']","['Mar26', '2013']",26.029
Shokugeki no Souma: Ni no Sara,Ranked #477,"GourmetGourmet,",,Finished,13,24,"['Jul2', '2016']","['Sep24', '2016']",3.052
Stand By Me Doraemon,Ranked #478,"ComedyComedy,",,Finished,1,1,"['Aug8', '2014']",[''],201
Ansatsu Kyoushitsu,Ranked #479,"ActionAction,",,Finished,22,23,"['Jan10', '2015']","['Jun20', '2015']",28.457
Gin no Saji,Ranked #480,,,Finished,11,23,"['Jul12', '2013']","['Sep20', '2013']",2.807
Hajime no Ippo: Boxer no Kobushi,Ranked #481,,,Finished,1,23,"['Mar21', '2003']",[''],68
Initial D Fifth Stage,Ranked #482,"ActionAction,",,Finished,14,27,"['Nov4', '2012']","['May10', '2013']",708
Kamisama Hajimemashita,Ranked #483,"ComedyComedy,",,Finished,13,24,"['Oct2', '2012']","['Dec25', '2012']",14.214
Kanata no Astra,Ranked #484,"AdventureAdventure,","SpaceSpace,",Finished,12,28,"['Jul3', '2019']","['Sep18', '2019']",3.015
5-toubun no Hanayome ∬,Ranked #485,"ComedyComedy,","HaremHarem,",Finished,12,24,"['Jan8', '2021']","['Mar26', '2021']",11.251
Fumetsu no Anata e Season 2,Ranked #486,"AdventureAdventure,",,Finished,20,25,"['Oct23', '2022']","['Mar12', '2023']",1.364
Ginga Eiyuu Densetsu: Arata naru Tatakai no Overture,Ranked #487,"ActionAction,",Adult,Finished,1,1,"['Dec18', '1993']",[''],55
Gintama: Nanigoto mo Saiyo ga Kanjin nano de Tasho Senobisuru Kurai ga Choudoyoi,Ranked #488,"ActionAction,","HistoricalHistorical,",Finished,1,32,"['Sep24', '2005']",[''],71
Hikaru no Go,Ranked #489,"ComedyComedy,","SchoolSchool,",Finished,75,23,"['Oct10', '2001']","['Mar26', '2003']",2.320
Honzuki no Gekokujou: Shisho ni Naru Tame ni wa Shudan wo Erandeiraremasen 3rd Season,Ranked #490,,"IsekaiIsekai,",Finished,10,23,"['Apr12', '2022']","['Jun14', '2022']",827
Hyouka,Ranked #491,"MysteryMystery,",,Finished,22,25,"['Apr23', '2012']","['Sep17', '2012']",26.116
Kidou Senshi Gundam 00 Second Season,Ranked #492,"ActionAction,","MechaMecha,",Finished,25,24,"['Oct5', '2008']","['Mar29', '2009']",1.354
Tsurune: Tsunagari no Issha,Ranked #493,,,Finished,13,23,"['Jan5', '2023']","['Mar30', '2023']",286
Kuroko no Basket Movie 4: Last Game,Ranked #494,,"SchoolSchool,",Finished,1,1,"['Mar18', '2017']",[''],1.015
Serial Experiments Lain,Ranked #495,Avant,,Finished,13,23,"['Jul6', '1998']","['Sep28', '1998']",25.019
Skip Beat!,Ranked #496,"ComedyComedy,",Love,Finished,25,24,"['Oct6', '2008']","['Mar30', '2009']",5.088
Koukaku Kidoutai: Stand Alone Complex - The Laughing Man,Ranked #497,"ActionAction,",Adult,Finished,1,2,"['Sep23', '2005']",[''],55
Kuroko no Basket,Ranked #498,,"SchoolSchool,",Finished,25,24,"['Apr8', '2012']","['Sep22', '2012']",20.581
Kuroshitsuji: Book of Circus,Ranked #499,"ActionAction,","HistoricalHistorical,",Finished,10,24,"['Jul11', '2014']","['Sep12', '2014']",3.482
Darker than Black: Kuro no Keiyakusha,Ranked #501,"ActionAction,",,Finished,25,24,"['Apr6', '2007']","['Sep28', '2007']",16.342
